"","armedknife","armedother","armedunarmed","armedundetermined","armedvehicle","age","genderM","raceH","raceO","raceW","fleeFoot","fleeMissing","fleeNot fleeing","fleeOther","body_cameraTrue","batch"
"2016",0.612835704181432,0.555727143542542,0.0475652484549234,-1.18096832152768,0.440337116133808,0.00560642569581529,-0.691096981101939,0.359473790151544,0.650271394738699,0.920676057542513,0.103891676889085,-0.28615433583531,1.24866897933935,-0.311873196846635,0.0616282274220938,2016
"2018",0.767611497009504,0.30378137427096,0.0780895024785944,0.521496349984532,-0.819507148779365,0.011637985436665,-0.253055703659797,0.0327254602363883,0.122616404333489,0.594352746066297,0.520407493589057,0.650752686845622,1.48081332743154,0.835018800681404,0.660597752004697,2018
"2020",0.639821391028588,0.777508746642912,0.147317812009207,-1.92117658521368,-1.71162004364713,0.0155206399087957,-0.578390363706409,-0.00517792632379363,0.491871628373371,0.796864819270311,0.356588021680612,0.555103652337606,0.996171144954438,-0.942284797148734,0.613645666716926,2020
"2022",0.587840746596274,0.569942462881653,0.432555583289645,0.239107115315344,-1.02512119998412,0.00429951031542982,-0.607348223310607,-0.575091628438384,-0.257116206160874,0.154595668636047,0.452366387593245,0.927522369391187,1.36222690430182,0.355972474736594,0.315981738033314,2022
